{
  "total_reactions": 10806,
  "train_size": 8644,
  "val_size": 1081,
  "test_size": 1081,
  "skipped": 6,
  "atom_feat_dim": 42,
  "bond_feat_dim": 10,
  "xtb_feat_dim": 55,
  "echem_feat_dim": 6,
  "xtb_coverage": {
    "total_unique_molecules": 14807,
    "found_in_xtb": 512,
    "xtb_coverage": 0.0345782400216114,
    "rdkit_coverage": 1.0
  },
  "xtb_normalization": {
    "mean": [
      -3.886706279072702,
      1.079953039860571,
      -2.0408999686272042,
      -0.9609469119373197,
      0.5987366973643877,
      -0.0020511028421973452,
      12.348600186941967,
      186.7896906924656,
      2.3152687808792662,
      23.632247104371988,
      2.321209390921859,
      -0.04320891683491111,
      0.004144594300846875,
      -0.011962170404507462,
      -0.007817549818039823,
      0.003136742217074054,
      -1.3487090460942305e-05,
      23.158252351320435,
      344.8861724203905,
      4.661746104949054,
      42.79566362145762,
      4.116471182451527,
      3.8434973621826267,
      -1.0758084455717911,
      2.0289377983364725,
      0.9531293620796308,
      -0.5955999551266272,
      0.0020376157518778143,
      10.809652169963819,
      158.09648191385153,
      2.3464773315927707,
      19.16341654977027,
      1.7952617948558016,
      -7.77492221110069,
      6.020756310938906,
      -8.392251684427372,
      -2.37148914080036,
      2.8218589775998635,
      -0.009191909368734612,
      3.2866535554986926,
      53.08615569922726,
      0.11596675928766559,
      19.83795652815392,
      0.3493345658255423,
      -3.7181647189068388,
      0.6021744761959043,
      -0.9117922287525705,
      -0.30961642084037305,
      0.19092515534697613,
      -0.005820503663548563,
      12.10701064322073,
      203.5564919588247,
      5.424109208699676,
      24.611712052280403,
      0.6478409538363795
    ],
    "std": [
      6.557659401296516,
      1.7372417154042157,
      2.9324388387187375,
      1.7572378563898392,
      1.0448808412088277,
      0.004009105011437718,
      4.364869117034575,
      66.35979545808028,
      1.692963224673241,
      15.262956221424572,
      1.0307428818275457,
      1.304356384586787,
      0.12234625119053842,
      0.3517485189919549,
      0.23029009859964666,
      0.09906447740850417,
      0.0004241324748873875,
      7.182397434337985,
      101.07673088211914,
      2.4389917188884684,
      26.102587905914337,
      1.6091754047939253,
      6.664981886752719,
      1.7384358833588298,
      2.935861101406609,
      1.7589185315671654,
      1.0477799877960576,
      0.004036091906276954,
      5.799081669536427,
      77.966843483364,
      2.2551135861432337,
      21.198544384571235,
      1.3524440974092176,
      6.200246763653056,
      3.946824346302532,
      4.630242479151914,
      2.7093312511756498,
      1.8087720965341583,
      0.005547598118446487,
      1.7043065102570678,
      30.13931489932235,
      0.3590252976942049,
      8.887221251399081,
      0.5291873703190727,
      13.264868954719612,
      2.0845919757241487,
      3.127106958598988,
      1.0930837198192145,
      0.7691393655796234,
      0.02061486880090152,
      9.0589999833413,
      135.77849084043532,
      5.663223292542156,
      41.564344543020106,
      4.914711304021153
    ]
  }
}