{
  "reactant_xtb": {
    "mean": 17.22387116946197,
    "std": 59.15582245218974
  },
  "product_xtb": {
    "mean": 31.567952476983,
    "std": 107.36871632959767
  },
  "solvent_xtb": {
    "mean": 6.4297881825711345,
    "std": 19.76797204146319
  },
  "electrolyte_xtb": {
    "mean": 17.846433855880676,
    "std": 71.47995119117061
  },
  "reaction_diff_xtb": {
    "mean": 14.344081307521035,
    "std": 53.46775418761018
  },
  "info": {
    "fp_dim": 10246,
    "xtb_dim": 55,
    "total_dim": 10301,
    "n_train": 8649
  }
}