{
  "anode_material": {
    "top1": 0.8042076688157448,
    "top3": 0.9572446555819477,
    "top5": 0.9799796403121819
  },
  "cathode_material": {
    "top1": 0.5551408211740754,
    "top3": 0.8890397013912453,
    "top5": 0.9491007804546997
  },
  "cell_class_v3": {
    "top1": 0.7587376993552766,
    "top3": 0.995928062436376,
    "top5": 0.0
  },
  "electrolyte_cation": {
    "top1": 0.4479131319986427,
    "top3": 0.7753647777400746,
    "top5": 0.9012555140821175
  },
  "electrolyte_anion": {
    "top1": 0.2775704105870377,
    "top3": 0.5578554462164913,
    "top5": 0.7448252460128945
  },
  "ligand_class_v3": {
    "top1": 0.9820156090939939,
    "top3": 0.993552765524262,
    "top5": 0.993552765524262
  },
  "additive_class_v3": {
    "top1": 0.9799796403121819,
    "top3": 0.985408890397014,
    "top5": 0.985408890397014
  },
  "anode_fine": {
    "top1": 0.17611129962673905,
    "top3": 0.34238208347472004,
    "top5": 0.4730234136409908
  },
  "cathode_fine": {
    "top1": 0.30200203596878183,
    "top3": 0.5378350865286732,
    "top5": 0.6168985408890397
  },
  "reagent_class_v3": {
    "top1": 0.3108245673566339,
    "top3": 0.4614862572107228,
    "top5": 0.5106888361045131
  },
  "catalyst_class_v3": {
    "top1": 0.6213098065829658,
    "top3": 0.8001357312521208,
    "top5": 0.8513742789277231
  },
  "solvent_class_v3": {
    "top1": 0.42755344418052255,
    "top3": 0.6420088225313878,
    "top5": 0.7763827621309807
  },
  "ligand": {
    "top1": 0.9820156090939939,
    "top3": 0.9860875466576179,
    "top5": 0.9864268747879199
  },
  "additive": {
    "top1": 0.9799796403121819,
    "top3": 0.9799796403121819,
    "top5": 0.9803189684424839
  },
  "summary_single_avg7": 0.6865092830481362,
  "summary_hier_avg3": 0.4532292727067074,
  "summary_smi_avg2": 0.9809976247030878,
  "tag_mediator": {
    "acc": 0.8605361384458772,
    "precision": 0.6944444444444444,
    "recall": 0.058823529411764705,
    "f1": 0.10845986984815618
  },
  "tag_photoredox": {
    "acc": 0.996267390566678,
    "precision": 0.0,
    "recall": 0.0,
    "f1": 0.0
  },
  "tag_HAT": {
    "acc": 0.9989820156090939,
    "precision": 0.0,
    "recall": 0.0,
    "f1": 0.0
  },
  "tag_chiral": {
    "acc": 0.9949100780454699,
    "precision": 0.0,
    "recall": 0.0,
    "f1": 0.0
  },
  "tag_avg_f1": 0.027114967462039046,
  "solvent_set": {
    "recall": 0.3771632168306753,
    "precision": 0.43094672548354257,
    "f1": 0.402265198719259,
    "top5": 0.831014591109603,
    "top10": 0.9144893111638955,
    "top20": 0.9599592806243638
  },
  "reagent_set": {
    "recall": 0.26993552765524265,
    "precision": 0.2736398597443728,
    "f1": 0.2717750716454022,
    "top5": 0.46080760095011875,
    "top10": 0.5795724465558195,
    "top20": 0.6504920257889379
  },
  "catalyst_set": {
    "recall": 0.5861893450967085,
    "precision": 0.5846623685103495,
    "f1": 0.5854248610935394,
    "top5": 0.7407533084492705,
    "top10": 0.7746861214794707,
    "top20": 0.835765184933831
  },
  "set_avg_f1": 0.41982171048606687,
  "score": 0.5350204123351865
}