{
  "catalyst_equiv": {
    "n": 373,
    "mae": 0.1658086930339202,
    "rmse": 0.37467346385946065,
    "r2": 0.38681654692510714,
    "within_tol": 0.8605898123324397,
    "tol": 0.2,
    "mae_norm": 0.3543308703654814
  },
  "reagent_equiv": {
    "n": 380,
    "mae": 1.4077277827615802,
    "rmse": 2.849193638064184,
    "r2": -0.15759672312741158,
    "within_tol": 0.1394736842105263,
    "tol": 0.2,
    "mae_norm": 0.25592392472459563
  },
  "ligand_equiv": {
    "n": 43,
    "mae": 0.0655836182278256,
    "rmse": 0.06921614784678859,
    "r2": -10.579522141091983,
    "within_tol": 0.20930232558139536,
    "tol": 0.05,
    "mae_norm": 1.3586045131152666
  },
  "additive_equiv": {
    "n": 29,
    "mae": 1.5480185865328229,
    "rmse": 3.019768134871111,
    "r2": -0.013816970567192444,
    "within_tol": 0.06896551724137931,
    "tol": 0.2,
    "mae_norm": 1.6997191789389368
  },
  "electrolyte_M": {
    "n": 893,
    "mae": 0.032718767837515934,
    "rmse": 0.04289628832879221,
    "r2": -0.6698629843198793,
    "within_tol": 0.7659574468085106,
    "tol": 0.05,
    "mae_norm": 0.011983033768616631
  },
  "current_mA": {
    "n": 2703,
    "mae": 4.800965945058252,
    "rmse": 8.966322370409268,
    "r2": -0.36414564534055427,
    "within_tol": 0.2582315945246023,
    "tol": 0.2,
    "mae_norm": 0.04599971625194127
  },
  "current_density": {
    "n": 378,
    "mae": 7.819180254188795,
    "rmse": 9.339917612534569,
    "r2": 0.04552867081468104,
    "within_tol": 0.013227513227513227,
    "tol": 0.2,
    "mae_norm": 0.3333458592083648
  },
  "potential_V": {
    "n": 194,
    "mae": 1.1152797654731987,
    "rmse": 1.9133471663592245,
    "r2": -0.31851941477563495,
    "within_tol": 0.28865979381443296,
    "tol": 0.2,
    "mae_norm": 0.5943876747223104
  },
  "temperature_C": {
    "n": 1222,
    "mae": 10.841774377807267,
    "rmse": 16.19761098849173,
    "r2": -0.10611141105075816,
    "within_tol": 0.4337152209492635,
    "tol": 5.0,
    "mae_norm": 0.691061861282269
  },
  "time_h": {
    "n": 1300,
    "mae": 3.603230274915695,
    "rmse": 6.277641265134329,
    "r2": -0.04535872285344089,
    "within_tol": 0.3046153846153846,
    "tol": 0.25,
    "mae_norm": 0.6616493227012097
  },
  "avg_mae_norm": 0.6007005955078992
}